Date, Open, High, Low, Close, Volume
04/02/24, 45.00, 45.00, 43.00, 43.35, 30600
03/28/24, 44.00, 44.50, 43.00, 43.80, 151300
03/27/24, 46.50, 46.50, 42.85, 43.30, 136300
03/26/24, 43.30, 45.00, 42.85, 44.55, 135800
03/25/24, 42.40, 43.00, 42.30, 42.85, 35400
03/22/24, 42.65, 42.65, 41.50, 41.80, 12800
03/21/24, 42.15, 43.00, 41.60, 42.60, 64900
03/20/24, 41.60, 43.00, 41.60, 42.85, 52600
03/19/24, 42.70, 42.70, 41.50, 42.10, 9600
03/18/24, 42.00, 43.00, 42.00, 42.55, 27400
03/15/24, 40.10, 42.90, 40.10, 41.55, 41100
03/14/24, 41.50, 41.50, 41.00, 41.25, 1700
03/13/24, 40.00, 41.50, 39.10, 39.70, 136900
03/12/24, 40.00, 40.00, 40.00, 40.00, 23300
03/11/24, 39.95, 40.00, 39.00, 39.30, 4700
03/08/24, 39.95, 39.95, 39.00, 39.70, 5700
03/07/24, 39.00, 40.00, 39.00, 39.95, 18900
03/06/24, 38.40, 40.00, 38.00, 38.20, 44100
03/05/24, 38.95, 38.95, 38.00, 38.05, 51200
03/04/24, 39.10, 39.10, 38.00, 39.10, 35300
03/01/24, 39.00, 39.10, 39.00, 39.10, 120300
02/29/24, 39.45, 39.45, 37.50, 39.15, 6700
02/28/24, 39.50, 39.50, 38.00, 39.15, 82800
02/27/24, 39.50, 40.00, 38.00, 38.50, 39900
02/26/24, 39.00, 39.00, 38.50, 38.70, 22400
02/23/24, 37.50, 38.50, 37.30, 37.60, 20600
02/22/24, 37.40, 37.50, 37.20, 37.45, 46400
02/21/24, 37.00, 37.50, 37.00, 37.30, 6600
02/20/24, 37.80, 38.00, 37.00, 37.35, 29500
02/19/24, 36.50, 37.50, 36.30, 36.65, 16900
02/16/24, 37.00, 37.00, 36.00, 36.30, 14500
02/15/24, 38.00, 38.00, 37.25, 37.60, 11700
02/14/24, 38.00, 38.00, 37.50, 37.65, 18500
02/13/24, 39.00, 39.00, 38.00, 38.10, 2200
02/12/24, 37.50, 38.90, 37.00, 37.25, 11700
02/09/24, 39.00, 39.00, 37.00, 37.60, 2800
02/08/24, 39.00, 39.05, 37.50, 38.50, 8300
02/07/24, 39.90, 39.90, 37.50, 38.55, 1400
02/06/24, 38.10, 39.90, 38.00, 38.05, 25300
02/05/24, 38.00, 40.00, 37.60, 38.05, 18500
02/02/24, 37.70, 38.00, 37.50, 37.70, 14300
02/01/24, 37.60, 37.60, 37.50, 37.50, 47100
01/31/24, 37.65, 37.65, 37.60, 37.60, 20200
01/30/24, 37.20, 37.50, 37.20, 37.25, 5800
01/29/24, 37.10, 37.75, 37.10, 37.65, 10100
01/26/24, 37.50, 37.50, 36.60, 37.15, 2800
01/25/24, 37.00, 37.90, 37.00, 37.65, 1600
01/24/24, 37.50, 37.90, 37.00, 37.55, 24400
01/23/24, 38.00, 38.00, 37.60, 37.70, 1700
01/22/24, 38.00, 38.00, 37.60, 37.95, 4100
01/19/24, 38.50, 38.50, 37.50, 38.00, 2000
01/18/24, 38.95, 38.95, 36.55, 37.65, 4300
01/17/24, 37.50, 38.50, 35.00, 36.60, 28400
01/16/24, 37.50, 37.60, 37.50, 37.55, 8700
01/15/24, 38.00, 38.00, 37.60, 37.60, 37500
01/12/24, 37.95, 38.00, 37.65, 37.80, 8700
01/11/24, 37.75, 38.00, 37.75, 37.95, 600
01/10/24, 38.00, 38.00, 37.65, 37.75, 2600
01/09/24, 37.85, 37.85, 37.80, 37.80, 700
01/08/24, 38.95, 39.00, 36.50, 37.60, 5800
01/05/24, 38.50, 38.60, 37.50, 38.05, 4100
01/04/24, 38.50, 38.50, 38.10, 38.45, 1200
01/03/24, 38.10, 38.95, 36.50, 38.05, 11300
01/02/24, 38.20, 38.95, 38.10, 38.85, 2200
12/29/23, 39.00, 39.00, 38.20, 38.95, 5300
12/28/23, 40.00, 40.00, 39.00, 39.45, 3500
12/27/23, 40.90, 40.90, 40.00, 40.25, 700
12/22/23, 40.00, 41.00, 39.00, 40.00, 27500
12/21/23, 39.90, 40.00, 39.00, 39.00, 374600
12/20/23, 40.00, 40.00, 39.00, 39.25, 6100
12/19/23, 38.50, 40.00, 38.50, 39.00, 13600
12/18/23, 41.00, 41.00, 38.30, 39.65, 1000
12/15/23, 39.00, 40.00, 38.55, 39.70, 103300
12/14/23, 38.00, 38.50, 38.00, 38.30, 69200
12/13/23, 38.30, 38.30, 38.00, 38.20, 6600
12/11/23, 38.30, 38.30, 38.00, 38.05, 12600
12/08/23, 38.00, 39.80, 38.00, 38.00, 51000
12/07/23, 39.50, 39.50, 38.05, 38.90, 12000
12/06/23, 40.00, 40.00, 38.00, 38.70, 121900
12/05/23, 36.60, 39.50, 36.60, 39.45, 15000
12/04/23, 39.00, 39.50, 36.30, 38.15, 5000
12/01/23, 38.50, 39.00, 36.05, 39.00, 15800
11/30/23, 38.95, 39.00, 38.35, 38.90, 49000
11/29/23, 39.00, 39.00, 38.50, 38.85, 44200
11/28/23, 39.50, 39.50, 38.50, 39.00, 89700
11/27/23, 38.10, 39.00, 37.00, 38.35, 15800
11/24/23, 36.00, 38.50, 35.95, 38.10, 916300
11/23/23, 35.50, 36.00, 35.50, 35.90, 21600
11/22/23, 35.80, 36.00, 35.50, 35.95, 56500
11/21/23, 36.50, 36.50, 36.00, 36.05, 10700
11/20/23, 36.40, 37.00, 36.00, 36.10, 5200
11/17/23, 35.95, 36.00, 35.00, 35.65, 27300
11/16/23, 36.00, 36.00, 35.00, 35.45, 29800
11/15/23, 36.20, 36.35, 34.55, 35.65, 11700
11/14/23, 34.20, 36.45, 34.20, 36.40, 16200
11/10/23, 36.50, 36.50, 34.05, 35.00, 79900
11/09/23, 35.20, 36.40, 35.00, 35.35, 8900
11/08/23, 36.45, 36.45, 35.15, 35.80, 6800
11/07/23, 37.05, 37.05, 36.00, 36.65, 70900
11/06/23, 39.50, 39.50, 37.00, 37.75, 13400
11/03/23, 39.10, 39.10, 37.00, 37.15, 4000
11/02/23, 39.70, 39.70, 37.00, 39.10, 48300
11/01/23, 40.00, 40.00, 38.00, 39.35, 11200
10/31/23, 39.90, 39.90, 38.00, 38.55, 82000
10/30/23, 39.00, 39.00, 37.00, 37.30, 2000
10/27/23, 39.00, 39.00, 39.00, 39.00, 9500
10/26/23, 38.00, 39.00, 38.00, 38.90, 8700
10/25/23, 39.50, 39.95, 38.00, 39.50, 41300
10/24/23, 39.50, 40.00, 39.50, 39.70, 79600
10/23/23, 40.00, 40.00, 39.50, 39.55, 1200
10/19/23, 40.00, 40.00, 39.00, 39.80, 28600
10/18/23, 40.00, 40.00, 39.20, 39.60, 35800
10/17/23, 38.70, 40.00, 38.70, 39.45, 24600
10/16/23, 37.50, 39.50, 37.00, 38.70, 12000
10/13/23, 38.90, 39.00, 38.90, 38.95, 7800
10/12/23, 38.90, 39.00, 38.80, 38.90, 314000
10/11/23, 38.90, 38.90, 38.50, 38.90, 105800
10/09/23, 38.95, 39.50, 38.50, 38.95, 3400
10/06/23, 38.95, 39.50, 38.95, 39.10, 1900
10/05/23, 37.60, 38.00, 37.30, 37.55, 67000
10/04/23, 37.60, 37.65, 37.55, 37.65, 15100
10/03/23, 37.65, 37.70, 37.65, 37.65, 6800
10/02/23, 37.90, 38.00, 37.50, 37.65, 24800
09/29/23, 38.00, 38.00, 37.50, 37.85, 36100
09/28/23, 37.60, 38.00, 37.60, 37.70, 9000
09/27/23, 37.50, 38.00, 37.50, 37.55, 43800
09/26/23, 37.00, 38.00, 37.00, 37.50, 44600
09/25/23, 38.00, 38.00, 37.00, 37.35, 23000
09/22/23, 37.95, 37.95, 37.15, 37.25, 1800
09/21/23, 37.50, 37.50, 37.15, 37.35, 1500
09/20/23, 38.00, 38.00, 37.00, 37.15, 9300
09/19/23, 37.50, 38.00, 37.00, 37.30, 42700
09/18/23, 37.50, 37.50, 36.85, 36.90, 8100
09/15/23, 39.20, 39.20, 36.85, 37.40, 7200
09/14/23, 40.50, 40.50, 39.60, 40.30, 553400
09/13/23, 40.40, 40.50, 39.60, 40.30, 16800
09/12/23, 40.50, 40.90, 40.00, 40.15, 18800
09/11/23, 40.20, 40.90, 40.00, 40.40, 7900
09/08/23, 39.90, 40.00, 39.90, 40.00, 55500
09/07/23, 39.50, 40.00, 39.50, 40.00, 69800
09/06/23, 40.00, 40.00, 39.55, 39.95, 45300
09/05/23, 40.00, 40.50, 39.70, 40.00, 29500
09/04/23, 41.80, 41.80, 39.90, 40.00, 184600
09/01/23, 40.00, 41.90, 39.90, 40.00, 1401300
08/31/23, 39.80, 40.00, 39.05, 39.70, 37200
08/30/23, 39.00, 40.00, 38.55, 39.05, 524500
08/29/23, 38.45, 39.95, 38.00, 38.80, 17800
08/28/23, 38.55, 38.60, 38.00, 38.45, 24200
08/25/23, 38.45, 38.45, 37.50, 38.30, 174900
08/24/23, 38.45, 38.45, 36.55, 37.45, 56000
08/23/23, 38.00, 38.00, 36.00, 36.35, 11700
08/22/23, 38.70, 38.75, 38.00, 38.55, 19700
08/21/23, 38.75, 38.75, 38.55, 38.60, 45700
08/18/23, 38.80, 38.80, 38.55, 38.70, 42200
08/17/23, 38.80, 39.00, 38.80, 38.95, 25100
08/16/23, 39.00, 40.00, 38.65, 39.00, 93600
08/15/23, 39.00, 39.00, 38.65, 38.70, 48900
08/14/23, 38.55, 39.00, 38.55, 39.00, 267700
08/11/23, 40.00, 40.00, 38.55, 39.25, 76800
08/10/23, 40.00, 40.00, 39.60, 40.00, 18300
08/09/23, 39.90, 39.90, 39.00, 39.00, 407100
08/08/23, 40.00, 40.00, 38.55, 39.35, 23400
08/07/23, 41.00, 42.00, 39.90, 40.55, 30500
08/04/23, 40.00, 42.00, 40.00, 41.70, 21000
08/03/23, 40.00, 41.00, 39.50, 40.10, 30600
08/02/23, 38.30, 40.00, 38.30, 39.20, 3900
08/01/23, 38.45, 39.00, 38.25, 38.25, 631500
07/31/23, 38.20, 38.55, 38.20, 38.45, 71600
07/28/23, 38.55, 38.55, 38.05, 38.35, 21300
07/27/23, 38.25, 38.55, 38.00, 38.30, 69900
07/26/23, 38.50, 38.50, 38.00, 38.25, 16700
07/25/23, 38.10, 38.50, 38.00, 38.15, 26400
07/24/23, 38.50, 38.55, 38.10, 38.25, 31400
07/21/23, 39.00, 39.00, 38.50, 38.55, 14900
07/20/23, 40.00, 40.00, 38.55, 38.90, 12800
07/19/23, 38.55, 40.00, 38.55, 38.70, 9500
07/18/23, 40.00, 40.00, 38.55, 38.75, 17400
07/17/23, 40.00, 40.00, 38.55, 39.85, 14900
07/14/23, 39.50, 40.00, 39.35, 39.85, 5100
07/13/23, 39.60, 40.00, 38.50, 39.35, 30000
07/12/23, 39.40, 40.00, 39.35, 39.50, 3500
07/11/23, 39.20, 39.50, 39.05, 39.40, 61000
07/10/23, 39.20, 39.35, 39.15, 39.25, 17900
07/07/23, 39.50, 39.50, 39.20, 39.40, 30000
07/06/23, 39.00, 40.00, 39.00, 39.50, 34700
07/05/23, 38.50, 39.00, 38.20, 38.95, 58600
07/04/23, 38.50, 38.50, 38.10, 38.30, 5500
07/03/23, 39.00, 39.10, 38.40, 38.85, 7500
06/30/23, 38.50, 39.00, 38.40, 38.85, 44600
06/29/23, 39.00, 39.00, 38.00, 38.40, 10200
06/27/23, 39.00, 39.20, 38.00, 38.95, 85600
06/26/23, 40.90, 40.90, 39.00, 39.10, 51600
06/23/23, 39.00, 39.40, 38.55, 38.95, 8600
06/22/23, 39.05, 39.50, 38.20, 38.20, 3340500
06/21/23, 40.95, 40.95, 39.00, 39.10, 9800
06/20/23, 41.00, 41.00, 38.00, 38.65, 18400
06/19/23, 39.00, 39.60, 38.05, 39.45, 107000
06/16/23, 40.00, 40.00, 38.00, 39.30, 3500
06/15/23, 39.75, 39.75, 37.50, 39.45, 395000
06/14/23, 39.90, 40.00, 39.60, 39.75, 218500
06/13/23, 39.50, 40.00, 39.40, 39.60, 90000
06/12/23, 39.55, 40.00, 39.25, 39.65, 5200
06/09/23, 39.00, 40.00, 39.00, 39.90, 27200
06/08/23, 39.00, 39.95, 39.00, 39.75, 6700
06/07/23, 37.80, 39.05, 37.50, 38.80, 440700
06/06/23, 38.00, 38.00, 37.00, 37.65, 51800
06/05/23, 37.00, 38.00, 37.00, 37.45, 42900
06/02/23, 35.75, 37.85, 35.75, 37.00, 28300
05/31/23, 36.45, 37.15, 35.00, 36.00, 28400
05/30/23, 36.45, 36.45, 35.00, 35.70, 10900
05/29/23, 34.00, 36.45, 34.00, 35.00, 283900
05/26/23, 34.45, 34.95, 34.05, 34.60, 57400
05/25/23, 34.00, 34.50, 33.70, 34.15, 86300
05/24/23, 34.00, 34.50, 33.60, 33.95, 95400
05/23/23, 33.50, 34.00, 33.50, 33.60, 7100
05/22/23, 33.50, 34.50, 32.65, 33.80, 14700
05/19/23, 32.55, 34.40, 32.50, 32.60, 9600
05/18/23, 34.50, 34.50, 34.40, 34.40, 3300
05/17/23, 31.40, 33.00, 31.40, 32.25, 12000
05/16/23, 30.90, 32.05, 30.50, 31.40, 313600
05/15/23, 31.50, 31.50, 30.50, 30.70, 38700
05/12/23, 33.00, 33.00, 30.60, 32.05, 10500
05/11/23, 34.40, 34.50, 33.00, 33.90, 13200
05/10/23, 35.00, 35.00, 34.00, 34.55, 1500
05/09/23, 35.00, 35.00, 34.00, 34.40, 10600
05/08/23, 35.00, 36.45, 34.00, 35.00, 7200
05/05/23, 33.50, 35.00, 33.10, 33.45, 9300
05/04/23, 33.80, 35.00, 33.05, 33.35, 62700
05/03/23, 35.60, 35.60, 33.05, 33.40, 16900
05/02/23, 38.00, 38.00, 35.90, 36.50, 2100
04/28/23, 39.00, 40.00, 37.00, 39.50, 194000
04/27/23, 40.50, 41.00, 40.00, 40.90, 1182700
04/26/23, 40.00, 40.85, 38.15, 40.45, 679200
04/25/23, 40.00, 40.95, 39.10, 40.40, 1259600
04/24/23, 38.10, 41.00, 38.10, 40.00, 2019700
04/20/23, 38.45, 39.00, 38.05, 39.00, 597600
04/19/23, 38.00, 38.30, 38.00, 38.10, 46300
04/18/23, 37.55, 38.45, 37.55, 37.95, 196800
04/17/23, 38.00, 38.00, 37.05, 37.50, 204000
04/14/23, 36.50, 38.00, 36.50, 37.00, 124700
04/13/23, 37.00, 37.50, 36.50, 36.90, 24000
04/12/23, 37.00, 37.00, 36.70, 36.95, 2800
04/11/23, 36.55, 37.00, 36.30, 36.65, 29500
04/06/23, 37.50, 37.50, 36.40, 36.55, 9800
04/05/23, 36.00, 37.65, 36.00, 37.50, 447900
04/04/23, 37.80, 37.80, 36.00, 36.35, 13600
04/03/23, 36.75, 37.50, 36.30, 36.35, 13600
03/31/23, 37.00, 37.00, 36.00, 36.70, 384200
03/30/23, 36.00, 37.00, 35.00, 35.95, 132600
03/29/23, 36.20, 36.20, 34.00, 35.00, 36100
03/28/23, 35.30, 37.25, 35.30, 36.05, 16300
03/27/23, 34.00, 35.00, 33.50, 34.05, 45700
03/24/23, 32.50, 34.00, 32.50, 32.75, 5100
03/23/23, 34.05, 34.05, 32.00, 32.10, 17400
03/22/23, 32.00, 33.00, 30.70, 32.80, 19900
03/21/23, 32.95, 32.95, 30.00, 32.10, 24100
03/20/23, 33.25, 34.00, 32.50, 32.95, 4000
03/17/23, 36.00, 36.00, 32.50, 34.05, 9400
03/16/23, 36.45, 36.50, 36.00, 36.05, 41000
03/15/23, 36.40, 36.40, 36.15, 36.25, 6900
03/14/23, 36.80, 37.00, 36.00, 36.45, 35500
03/13/23, 36.80, 37.00, 36.80, 37.00, 20000
03/10/23, 37.00, 37.00, 36.40, 36.80, 31000
03/09/23, 37.00, 37.00, 36.00, 36.35, 10900
03/08/23, 37.00, 37.00, 36.00, 36.05, 142100
03/07/23, 37.00, 37.00, 36.50, 36.65, 9800
03/06/23, 37.00, 37.50, 36.90, 37.05, 25800
03/03/23, 37.00, 37.50, 36.70, 37.05, 7200
03/02/23, 37.00, 37.50, 36.80, 37.00, 14200
03/01/23, 36.70, 37.50, 36.65, 36.70, 230800
02/28/23, 38.00, 38.00, 36.60, 36.70, 298200
02/27/23, 36.20, 37.00, 36.00, 36.05, 106800
02/24/23, 36.20, 36.20, 36.20, 36.20, 4500
02/23/23, 37.00, 37.00, 35.00, 36.45, 30200
02/22/23, 37.40, 37.40, 36.95, 36.95, 107500
02/21/23, 37.45, 37.45, 37.00, 37.00, 143300
02/20/23, 37.75, 38.00, 37.30, 37.45, 7100
02/17/23, 38.00, 38.00, 37.00, 37.35, 30800
02/16/23, 37.90, 38.00, 37.50, 37.55, 281600
02/15/23, 38.00, 38.00, 37.50, 37.55, 17400
02/14/23, 37.05, 38.00, 37.00, 37.25, 12700
02/13/23, 37.60, 38.00, 37.00, 37.45, 20600
02/10/23, 38.00, 38.20, 37.00, 37.55, 46500
02/09/23, 38.20, 38.20, 37.40, 37.50, 46400
02/08/23, 36.55, 38.20, 36.50, 37.55, 14800
02/07/23, 39.00, 39.00, 36.00, 38.10, 65300
02/06/23, 35.90, 39.00, 35.90, 38.10, 143100
02/03/23, 35.55, 35.55, 35.00, 35.50, 140700
02/02/23, 35.00, 35.85, 34.00, 34.60, 16500
02/01/23, 35.00, 35.90, 34.00, 35.00, 21400
01/31/23, 37.00, 37.50, 35.00, 35.90, 65800
01/30/23, 37.05, 38.00, 37.00, 37.05, 16800
01/27/23, 37.00, 37.50, 37.00, 37.00, 38600
01/26/23, 37.00, 37.50, 37.00, 37.00, 11600
01/25/23, 37.00, 37.95, 36.60, 37.00, 18600
01/24/23, 38.30, 38.30, 35.00, 36.05, 39500
01/23/23, 38.50, 38.75, 38.00, 38.20, 26500
01/20/23, 38.50, 38.75, 38.10, 38.30, 51700
01/19/23, 38.50, 38.50, 38.10, 38.40, 8000
01/18/23, 39.20, 39.20, 38.10, 38.85, 45400
01/17/23, 39.50, 39.90, 38.05, 39.20, 12300
01/16/23, 39.95, 39.95, 39.00, 39.10, 36900
01/13/23, 39.00, 40.00, 38.00, 38.70, 775400
01/12/23, 39.50, 40.00, 39.00, 39.95, 1183700
01/11/23, 39.50, 39.80, 39.50, 39.55, 12200
01/10/23, 40.25, 40.25, 39.00, 39.80, 75700
01/09/23, 39.50, 40.00, 39.00, 40.00, 610900
01/06/23, 38.00, 40.00, 37.55, 39.65, 442200
01/05/23, 38.60, 39.00, 38.00, 38.60, 20800
01/04/23, 39.00, 39.50, 38.00, 38.80, 15000
01/03/23, 39.95, 39.95, 38.90, 38.95, 27600
12/30/22, 40.00, 40.00, 38.75, 39.35, 26500
12/29/22, 39.50, 40.00, 39.50, 39.80, 80200
12/28/22, 37.95, 39.50, 37.50, 39.05, 88800
12/23/22, 37.00, 37.95, 37.00, 37.30, 75900
12/22/22, 36.80, 37.40, 36.55, 36.95, 95900
12/21/22, 36.50, 36.80, 36.45, 36.50, 242000
12/20/22, 36.05, 36.95, 36.05, 36.45, 15800
12/19/22, 37.00, 37.00, 35.75, 36.05, 9900
12/16/22, 36.50, 37.00, 35.95, 36.10, 32900
12/15/22, 36.00, 37.50, 35.50, 35.95, 95900
12/14/22, 34.60, 34.75, 34.50, 34.60, 32800
12/13/22, 35.30, 35.30, 31.60, 31.60, 1400
12/09/22, 35.00, 35.95, 35.00, 35.10, 49000
12/08/22, 35.00, 35.95, 34.30, 35.00, 57300
12/07/22, 33.45, 36.00, 33.45, 35.00, 392700
12/06/22, 33.05, 34.00, 33.00, 33.50, 68100
12/05/22, 33.00, 33.30, 33.00, 33.00, 9000
12/02/22, 33.05, 33.30, 33.00, 33.00, 8300
12/01/22, 32.55, 33.30, 32.55, 32.65, 264600
11/30/22, 33.30, 33.30, 33.00, 33.20, 9800
11/29/22, 33.00, 33.20, 32.90, 33.00, 37100
11/28/22, 32.00, 33.50, 32.00, 32.85, 33900
11/25/22, 32.00, 33.00, 31.95, 32.85, 64800
11/24/22, 30.50, 32.00, 30.50, 31.95, 31900
11/23/22, 30.30, 30.50, 30.20, 30.35, 3200
11/22/22, 30.95, 32.00, 30.30, 30.85, 58600
11/21/22, 30.10, 31.50, 30.10, 30.40, 42500
11/18/22, 30.40, 31.00, 30.15, 30.60, 4400
11/17/22, 31.00, 31.00, 30.00, 30.10, 15000
11/16/22, 30.25, 32.00, 30.25, 31.55, 201100
11/15/22, 31.50, 31.50, 30.20, 30.40, 119200
11/14/22, 31.70, 31.70, 30.50, 30.75, 20000
11/11/22, 31.95, 32.50, 31.50, 31.70, 115700
11/10/22, 32.00, 32.50, 31.55, 32.00, 35600
11/09/22, 32.45, 32.50, 32.00, 32.40, 5900
11/08/22, 31.80, 32.00, 31.50, 31.65, 14400
11/07/22, 31.00, 31.80, 31.00, 31.50, 432200
11/04/22, 31.85, 31.90, 31.00, 31.10, 5500
11/03/22, 31.00, 31.50, 31.00, 31.50, 9500
11/02/22, 31.00, 31.00, 30.20, 30.30, 60800
11/01/22, 31.00, 31.55, 31.00, 31.35, 14900
10/31/22, 32.80, 32.80, 30.25, 31.50, 11800
10/28/22, 31.95, 32.80, 30.20, 32.25, 286200
10/27/22, 31.00, 32.00, 31.00, 31.40, 17200
10/26/22, 32.00, 32.00, 30.40, 30.95, 20800
10/25/22, 30.60, 32.65, 30.20, 30.80, 721600
10/24/22, 30.00, 31.00, 30.00, 30.40, 3400
10/21/22, 31.00, 31.00, 30.00, 30.25, 25200
10/19/22, 31.00, 31.00, 30.00, 30.15, 74000
10/18/22, 30.50, 31.00, 30.00, 30.05, 71300
10/17/22, 30.25, 30.50, 30.10, 30.20, 6300
10/14/22, 30.50, 30.50, 30.45, 30.50, 5300
10/13/22, 32.40, 32.60, 30.00, 30.25, 12200
10/12/22, 31.00, 32.95, 30.00, 32.35, 371500
10/11/22, 32.20, 32.50, 30.00, 30.15, 34200
10/07/22, 31.00, 32.50, 30.05, 31.95, 311700
10/06/22, 30.00, 31.00, 30.00, 30.90, 517200
10/05/22, 30.50, 31.00, 30.00, 30.10, 119800
10/04/22, 31.00, 32.95, 30.00, 31.75, 753100
10/03/22, 31.25, 31.45, 30.00, 30.50, 8600
09/30/22, 30.20, 31.00, 30.00, 30.30, 18700
09/29/22, 32.90, 32.90, 30.00, 30.50, 21600
09/28/22, 30.00, 32.95, 30.00, 31.45, 785400
09/27/22, 33.00, 33.00, 30.00, 30.05, 16800
09/26/22, 32.00, 33.00, 29.70, 32.85, 1198200
09/23/22, 29.50, 33.00, 29.50, 33.00, 12203800
09/22/22, 30.00, 31.00, 29.10, 30.20, 9300
09/21/22, 31.00, 31.00, 29.10, 30.65, 268300
09/20/22, 29.50, 31.00, 29.10, 31.00, 1608700
09/19/22, 29.00, 31.00, 28.50, 31.00, 5144400
09/16/22, 31.50, 31.50, 29.45, 30.45, 5369900
09/15/22, 33.00, 33.00, 31.70, 32.75, 1401900
09/14/22, 32.60, 33.00, 31.10, 32.85, 1306800
09/12/22, 33.15, 33.20, 31.40, 33.10, 444800
09/09/22, 32.50, 33.20, 32.50, 33.00, 554200
09/08/22, 33.00, 33.25, 32.30, 33.20, 1855500
09/07/22, 33.00, 33.25, 32.35, 33.00, 2574100
09/06/22, 31.40, 33.00, 31.40, 32.25, 678700
09/05/22, 31.10, 31.90, 30.00, 31.40, 373200
09/02/22, 30.00, 31.00, 30.00, 30.20, 35400
09/01/22, 29.50, 30.00, 29.20, 29.60, 270600
08/31/22, 29.00, 29.50, 28.85, 29.10, 82800
08/30/22, 29.50, 29.50, 28.60, 29.00, 95800
08/29/22, 28.50, 31.40, 28.50, 28.85, 139100
08/26/22, 28.00, 29.25, 27.75, 28.55, 315800
08/25/22, 26.50, 27.95, 26.00, 26.60, 105100
08/24/22, 26.50, 26.50, 25.50, 26.45, 5700
08/23/22, 26.50, 26.50, 25.50, 25.95, 46500
08/22/22, 25.50, 26.50, 25.50, 26.15, 28800
08/19/22, 26.50, 26.50, 25.50, 25.80, 87300
08/18/22, 27.00, 27.00, 26.50, 26.65, 28800
08/17/22, 26.70, 27.00, 26.70, 26.90, 27700
08/16/22, 27.45, 28.00, 26.50, 26.70, 77000
08/15/22, 26.05, 27.00, 26.00, 26.70, 49900
08/12/22, 27.50, 27.50, 26.05, 26.20, 57400
08/11/22, 26.00, 28.00, 26.00, 27.50, 7700
08/10/22, 25.75, 28.00, 25.75, 25.90, 197800
08/08/22, 26.00, 26.00, 25.50, 25.70, 251100
08/05/22, 25.50, 25.75, 25.20, 25.55, 157700
08/04/22, 25.10, 25.50, 25.00, 25.40, 52700
08/03/22, 24.80, 26.00, 24.80, 25.25, 124800
08/02/22, 24.65, 25.00, 24.65, 24.95, 85100
08/01/22, 24.85, 25.00, 24.50, 24.65, 6300
07/29/22, 25.00, 25.00, 24.50, 24.95, 28900
07/28/22, 25.00, 25.00, 24.50, 24.85, 50300
07/27/22, 25.90, 25.90, 24.50, 24.80, 43600
07/25/22, 25.00, 25.90, 24.50, 24.60, 29300
07/22/22, 24.05, 25.00, 24.05, 24.50, 18200
07/21/22, 24.50, 24.50, 24.00, 24.10, 94600
07/20/22, 24.00, 24.50, 23.95, 24.05, 30900
07/19/22, 24.00, 24.50, 23.90, 23.95, 57800
07/18/22, 24.50, 24.50, 24.30, 24.50, 1118500
07/15/22, 24.00, 24.50, 23.80, 24.05, 4192100
07/14/22, 23.95, 24.00, 23.85, 23.95, 70400
07/13/22, 24.00, 24.00, 23.90, 24.00, 52700
07/12/22, 24.00, 24.00, 23.95, 24.00, 47100
07/08/22, 24.00, 24.00, 23.90, 24.00, 231700
07/07/22, 24.00, 24.00, 23.95, 24.00, 216200
07/06/22, 24.00, 24.00, 23.90, 24.00, 159900
07/05/22, 24.00, 24.30, 23.90, 24.00, 183200
07/04/22, 23.70, 24.00, 23.50, 23.90, 56000
07/01/22, 23.70, 24.50, 23.60, 23.70, 110300
06/30/22, 23.95, 23.95, 23.30, 23.60, 21600
06/29/22, 23.80, 24.00, 23.50, 23.65, 64800
06/28/22, 23.95, 23.95, 23.50, 23.60, 25500
06/27/22, 23.95, 23.95, 23.70, 23.95, 6900
06/24/22, 23.95, 23.95, 23.70, 23.85, 29700
06/23/22, 23.70, 24.00, 23.70, 23.85, 4000
06/22/22, 24.20, 24.20, 23.50, 23.95, 19800
06/21/22, 25.50, 25.50, 24.00, 24.70, 32100
06/20/22, 24.25, 26.00, 24.00, 24.45, 22300
06/17/22, 25.40, 25.40, 24.00, 24.45, 37400
06/16/22, 26.00, 26.00, 24.50, 24.75, 69100
06/15/22, 25.30, 25.30, 25.00, 25.00, 4000
06/14/22, 25.20, 25.95, 25.20, 25.30, 40600
06/13/22, 26.60, 26.60, 25.00, 25.50, 66800
06/10/22, 25.05, 26.65, 25.00, 25.20, 10800
06/09/22, 25.75, 26.40, 24.50, 25.45, 44400
06/08/22, 25.75, 26.30, 25.50, 25.75, 26000
06/07/22, 26.90, 26.90, 25.30, 25.75, 30400
06/06/22, 26.45, 26.45, 25.25, 25.75, 14900
06/03/22, 26.40, 26.50, 26.00, 26.45, 50800
06/02/22, 26.50, 26.50, 25.55, 25.85, 3500
05/31/22, 26.75, 26.75, 25.50, 25.55, 29700
05/30/22, 26.85, 26.90, 25.50, 26.35, 15300
05/27/22, 26.05, 26.90, 26.05, 26.85, 39900
05/26/22, 26.30, 26.85, 26.00, 26.45, 775700
05/25/22, 26.00, 26.80, 26.00, 26.30, 148300
05/24/22, 26.90, 26.90, 26.00, 26.45, 722600
05/23/22, 26.00, 26.15, 26.00, 26.00, 454200
05/20/22, 26.50, 26.95, 25.60, 26.25, 44400
05/19/22, 26.50, 26.60, 26.00, 26.50, 5611400
05/18/22, 26.50, 26.70, 26.10, 26.60, 194700
05/17/22, 26.50, 26.75, 26.05, 26.10, 155500
05/16/22, 27.00, 27.00, 26.25, 26.50, 228600
05/13/22, 26.50, 27.00, 26.50, 26.50, 411600
05/12/22, 25.70, 26.50, 25.70, 26.05, 386800
05/11/22, 25.60, 26.00, 25.60, 25.95, 94900
05/10/22, 25.00, 25.90, 25.00, 25.60, 599000
05/09/22, 25.00, 25.70, 24.10, 25.25, 212900
05/06/22, 24.75, 25.25, 23.60, 24.95, 1350100
05/05/22, 24.50, 24.65, 23.50, 24.30, 281800
05/04/22, 24.95, 24.95, 23.50, 23.85, 51100
04/28/22, 25.80, 26.50, 25.80, 26.00, 2876400
04/27/22, 26.25, 26.25, 25.50, 26.00, 84800
04/26/22, 26.50, 26.75, 25.90, 26.35, 67200
04/25/22, 26.00, 26.90, 26.00, 26.50, 40200
04/22/22, 26.55, 26.55, 25.90, 26.20, 72900
04/21/22, 26.00, 26.15, 26.00, 26.10, 50500
04/20/22, 26.50, 26.50, 26.00, 26.15, 52800
04/19/22, 26.55, 26.55, 26.00, 26.50, 10800
04/14/22, 26.90, 27.00, 26.75, 26.85, 24700
04/13/22, 26.75, 27.00, 26.75, 26.95, 15700
04/12/22, 27.00, 27.20, 26.50, 26.75, 19100
04/11/22, 26.95, 27.20, 26.50, 27.00, 13800
04/08/22, 26.25, 27.20, 26.25, 26.85, 81900
04/07/22, 27.00, 27.00, 26.25, 26.45, 28800
04/06/22, 26.00, 27.00, 26.00, 26.60, 52900
04/05/22, 26.00, 26.45, 25.90, 26.15, 71500
04/04/22, 26.00, 26.00, 25.85, 25.95, 124700
04/01/22, 26.00, 26.00, 25.85, 25.90, 23500
03/31/22, 26.00, 26.00, 25.75, 25.85, 29500
03/30/22, 25.80, 26.00, 25.80, 26.00, 104500
03/29/22, 26.00, 26.00, 25.50, 25.70, 115600
03/28/22, 26.00, 26.00, 25.90, 26.00, 73100
03/25/22, 26.00, 26.00, 25.05, 25.90, 78600
03/24/22, 26.00, 26.50, 25.00, 25.50, 571900
03/23/22, 25.40, 25.40, 25.00, 25.10, 15600
03/22/22, 24.80, 25.00, 24.60, 24.80, 14600
03/21/22, 25.00, 25.20, 24.50, 24.95, 41700
03/18/22, 25.00, 25.00, 24.50, 24.95, 9300
03/17/22, 24.50, 25.00, 24.50, 24.55, 21800
03/16/22, 25.00, 25.00, 24.35, 24.50, 6600
03/15/22, 24.00, 24.95, 24.00, 24.35, 33900
03/14/22, 24.80, 24.80, 24.00, 24.20, 71700
03/11/22, 24.80, 24.80, 24.10, 24.55, 8100
03/10/22, 24.00, 25.00, 24.00, 24.70, 12200
03/09/22, 24.60, 24.60, 24.00, 24.30, 14100
03/08/22, 25.00, 25.00, 24.00, 24.50, 17300
03/07/22, 24.35, 25.00, 24.35, 24.60, 22400
03/04/22, 24.50, 25.00, 24.00, 24.70, 41500
03/03/22, 24.25, 24.50, 24.00, 24.35, 19700
03/02/22, 23.75, 24.25, 23.00, 23.00, 916400
03/01/22, 24.20, 24.45, 23.85, 24.05, 21300
02/28/22, 24.00, 24.00, 23.15, 23.85, 26200
02/25/22, 25.00, 25.00, 23.00, 24.20, 49900
02/24/22, 25.00, 25.50, 25.00, 25.05, 13600
02/23/22, 25.50, 25.50, 25.00, 25.40, 32300
02/22/22, 25.50, 25.50, 25.00, 25.20, 711100
02/21/22, 25.80, 25.80, 25.00, 25.05, 62700
02/18/22, 25.50, 25.50, 25.00, 25.05, 46800
02/17/22, 25.50, 25.50, 25.00, 25.20, 39500
02/16/22, 25.50, 25.50, 25.05, 25.25, 9400
02/15/22, 25.80, 26.00, 25.05, 25.50, 13500
02/14/22, 25.55, 25.55, 25.25, 25.50, 16500
02/11/22, 25.80, 25.80, 25.00, 25.25, 31600
02/10/22, 25.75, 25.80, 25.10, 25.35, 34500
02/09/22, 25.55, 26.00, 25.30, 25.60, 31800
02/08/22, 25.60, 25.60, 25.10, 25.50, 105600
02/07/22, 25.50, 26.00, 25.50, 25.55, 11500
02/04/22, 25.40, 26.00, 25.25, 25.75, 27500
02/03/22, 25.85, 26.00, 25.25, 26.00, 521300
02/02/22, 25.50, 25.50, 25.25, 25.30, 271400
02/01/22, 25.70, 25.70, 25.20, 25.55, 9600
01/31/22, 25.70, 25.85, 25.40, 25.60, 3100
01/28/22, 25.50, 25.70, 25.00, 25.40, 45000
01/27/22, 25.55, 25.55, 25.10, 25.30, 19700
01/26/22, 25.55, 25.55, 25.10, 25.50, 2900
01/25/22, 26.00, 26.00, 24.75, 25.10, 57600
01/24/22, 25.10, 26.00, 25.10, 25.85, 32100
01/21/22, 26.00, 26.00, 25.05, 25.80, 7400
01/20/22, 25.50, 25.50, 25.00, 25.15, 9300
01/19/22, 25.05, 26.00, 25.05, 25.75, 20400
01/18/22, 26.00, 26.00, 25.00, 25.10, 16900
01/17/22, 25.05, 25.05, 24.05, 24.45, 18300
01/14/22, 26.00, 26.00, 25.00, 26.00, 25800
01/13/22, 25.90, 26.30, 25.45, 25.70, 116200
01/12/22, 26.00, 26.00, 25.70, 25.95, 20300
01/11/22, 26.00, 26.00, 25.70, 25.95, 31200
01/10/22, 26.10, 26.10, 25.55, 25.90, 6400
01/07/22, 25.90, 26.10, 25.90, 25.95, 24100
01/06/22, 25.50, 26.30, 25.50, 25.90, 20700
01/05/22, 26.00, 26.00, 25.50, 25.55, 18600
01/04/22, 25.45, 26.00, 25.45, 25.45, 31100
01/03/22, 25.20, 26.00, 25.20, 25.45, 47400
12/31/21, 25.90, 26.00, 25.00, 25.20, 14700
12/30/21, 25.90, 26.00, 25.90, 26.00, 18500
12/29/21, 25.20, 25.50, 25.00, 25.30, 12100
12/28/21, 25.95, 25.95, 25.00, 25.45, 25000
12/24/21, 25.50, 26.00, 25.50, 25.75, 1200
12/23/21, 25.45, 25.50, 25.40, 25.45, 40200
12/22/21, 25.50, 25.50, 25.15, 25.50, 58700
12/21/21, 25.00, 25.50, 25.00, 25.05, 25700
12/20/21, 25.05, 25.10, 25.00, 25.00, 66200
12/17/21, 25.20, 25.20, 25.00, 25.05, 700
12/16/21, 25.00, 25.25, 24.75, 25.05, 102300
12/15/21, 24.50, 25.00, 24.50, 24.95, 267700
12/14/21, 24.00, 25.05, 24.00, 24.50, 63800
12/10/21, 23.80, 26.20, 23.80, 24.05, 25200
12/09/21, 24.00, 24.05, 23.50, 23.95, 40200
12/08/21, 23.10, 24.00, 23.10, 23.50, 4624600
12/07/21, 23.10, 24.05, 23.10, 23.15, 7400
12/06/21, 24.20, 24.25, 23.00, 23.15, 51900
12/03/21, 24.00, 24.20, 23.10, 24.00, 139300
12/02/21, 24.50, 24.60, 23.15, 24.25, 33800
12/01/21, 24.60, 24.95, 23.90, 24.60, 236500
11/30/21, 24.95, 25.00, 24.00, 24.70, 32800
11/29/21, 24.00, 24.50, 23.10, 24.20, 89800
11/26/21, 23.50, 24.00, 23.50, 23.50, 390000
11/25/21, 23.10, 24.00, 23.10, 23.25, 73700
11/24/21, 23.70, 24.00, 23.00, 23.10, 3362400
11/23/21, 23.10, 24.00, 23.10, 23.55, 39900
11/22/21, 23.65, 23.75, 23.25, 23.50, 586100
11/19/21, 23.75, 23.80, 23.65, 23.75, 107100
11/18/21, 23.80, 23.80, 23.25, 23.65, 29900
11/17/21, 23.35, 23.80, 23.35, 23.75, 65800
11/16/21, 24.00, 24.10, 23.50, 23.75, 216300
11/15/21, 24.00, 24.05, 23.80, 24.00, 58300
11/12/21, 24.00, 24.00, 23.90, 23.95, 80300
11/11/21, 24.00, 24.10, 23.95, 24.00, 62700
11/10/21, 24.25, 24.25, 23.95, 24.05, 187800
11/09/21, 24.50, 24.50, 24.10, 24.15, 52600
11/08/21, 24.15, 24.50, 24.05, 24.15, 49600
11/05/21, 24.10, 24.50, 24.00, 24.10, 22800
11/04/21, 24.80, 24.80, 24.10, 24.45, 52900
11/03/21, 24.20, 24.75, 24.20, 24.50, 33900
11/02/21, 24.05, 24.80, 24.00, 24.10, 105900
11/01/21, 24.20, 24.80, 24.00, 24.10, 128800
10/29/21, 24.40, 24.80, 24.00, 24.10, 25300
10/28/21, 24.55, 24.60, 24.05, 24.40, 37900
10/27/21, 24.00, 25.00, 24.00, 24.55, 157600
10/26/21, 24.65, 24.80, 24.50, 24.65, 116200
10/25/21, 25.00, 25.00, 24.80, 24.85, 22900
10/22/21, 25.00, 25.10, 25.00, 25.00, 28700
10/21/21, 25.50, 25.50, 25.00, 25.10, 14100
10/19/21, 25.55, 25.55, 24.50, 25.10, 34500
10/18/21, 25.80, 25.80, 25.50, 25.55, 26100
10/15/21, 25.70, 26.00, 25.50, 25.75, 214200
10/14/21, 26.00, 26.00, 25.50, 25.70, 6400
10/13/21, 25.50, 26.00, 25.00, 25.35, 22000
10/12/21, 25.25, 26.00, 24.90, 25.05, 59300
10/08/21, 25.25, 25.75, 25.00, 25.25, 49600
10/07/21, 25.30, 25.55, 25.00, 25.20, 71300
10/06/21, 25.55, 25.70, 25.30, 25.55, 14500
10/05/21, 26.00, 26.00, 25.25, 25.75, 36600
10/04/21, 26.00, 26.40, 25.75, 25.95, 13200
10/01/21, 26.00, 26.00, 25.95, 26.00, 35400
09/30/21, 25.80, 26.75, 25.60, 26.00, 81300
09/29/21, 26.75, 26.75, 25.00, 25.75, 100200
09/28/21, 27.40, 27.40, 26.05, 26.70, 182200
09/27/21, 27.80, 27.90, 27.00, 27.40, 15800
09/24/21, 28.00, 28.00, 27.00, 27.05, 554400
09/23/21, 27.80, 28.00, 27.80, 28.00, 263000
09/22/21, 27.80, 27.95, 27.80, 27.85, 42300
09/21/21, 27.95, 28.00, 26.00, 26.95, 30300
09/20/21, 27.80, 27.95, 27.80, 27.85, 25800
09/17/21, 27.65, 27.95, 27.65, 27.65, 479300
09/16/21, 27.75, 27.90, 27.50, 27.65, 60900
09/15/21, 28.00, 28.00, 27.60, 27.75, 11900
09/14/21, 28.10, 28.10, 28.00, 28.00, 26500
09/13/21, 27.65, 28.20, 27.65, 28.00, 42500
09/10/21, 27.90, 27.95, 27.50, 27.65, 21500
09/09/21, 27.90, 27.95, 27.50, 27.65, 139600
09/08/21, 27.20, 27.90, 27.10, 27.40, 69700
09/07/21, 27.15, 27.20, 27.00, 27.10, 30100
09/06/21, 27.80, 27.85, 27.00, 27.05, 116500
09/03/21, 27.90, 27.90, 27.00, 27.20, 244200
09/02/21, 28.00, 28.00, 27.85, 27.95, 27500
09/01/21, 28.10, 28.40, 27.85, 28.05, 130900
08/31/21, 28.00, 29.00, 27.90, 28.15, 193000
08/30/21, 26.90, 28.00, 26.90, 27.60, 155500
08/27/21, 26.90, 26.90, 26.25, 26.45, 69000
08/26/21, 26.80, 27.00, 26.50, 26.80, 42900
08/25/21, 27.00, 27.00, 26.50, 26.60, 31400
08/24/21, 27.20, 27.20, 26.70, 27.15, 41900
08/23/21, 27.10, 27.45, 26.55, 26.95, 129200
08/20/21, 27.05, 27.50, 27.00, 27.10, 7100
08/19/21, 27.50, 27.50, 26.80, 27.05, 59900
08/18/21, 25.60, 27.00, 25.60, 26.15, 75800
08/17/21, 25.40, 26.00, 25.40, 25.40, 394000
08/16/21, 25.50, 25.50, 25.05, 25.30, 79900
08/13/21, 25.00, 26.20, 25.00, 25.40, 73300
08/12/21, 25.30, 25.50, 25.00, 25.10, 61300
08/11/21, 25.85, 26.00, 25.00, 25.45, 163300
08/10/21, 25.85, 25.85, 25.40, 25.50, 318700
08/09/21, 25.85, 26.20, 25.60, 25.85, 44200
08/06/21, 26.25, 26.55, 25.55, 26.20, 29400
08/05/21, 26.55, 26.55, 26.00, 26.20, 6800
08/04/21, 26.55, 26.60, 25.85, 26.25, 16900
08/03/21, 26.50, 26.90, 26.10, 26.65, 36600
08/02/21, 26.50, 26.55, 26.50, 26.50, 22300
07/30/21, 26.90, 26.90, 26.50, 26.55, 34100
07/29/21, 27.00, 27.00, 26.10, 26.75, 30000
07/28/21, 26.50, 27.00, 26.40, 26.80, 56200
07/27/21, 26.00, 26.50, 26.00, 26.40, 36300
07/26/21, 26.20, 26.50, 26.00, 26.10, 29900
07/23/21, 26.00, 26.50, 26.00, 26.15, 29900
07/22/21, 26.00, 26.00, 25.60, 25.85, 5100
07/21/21, 25.60, 26.00, 25.60, 26.00, 23500
07/19/21, 25.80, 26.50, 25.55, 25.65, 88300
07/16/21, 25.70, 26.25, 25.50, 25.95, 65300
07/15/21, 26.00, 26.00, 25.50, 25.65, 22000
07/14/21, 25.60, 25.75, 25.50, 25.70, 18100
07/13/21, 26.40, 26.40, 25.50, 25.75, 30700
07/12/21, 26.00, 26.30, 25.00, 25.50, 202800
07/09/21, 26.50, 26.50, 25.55, 26.00, 25600
07/08/21, 25.75, 26.00, 25.40, 25.60, 64400
07/07/21, 25.30, 25.50, 25.05, 25.50, 40600
07/06/21, 25.25, 25.50, 25.00, 25.40, 54100
07/05/21, 25.50, 25.50, 24.50, 25.30, 56500
07/02/21, 25.00, 25.00, 25.00, 25.00, 8800
07/01/21, 25.50, 25.75, 25.00, 25.50, 283400
06/30/21, 25.60, 25.60, 25.00, 25.50, 9800
06/29/21, 25.20, 25.70, 25.00, 25.45, 32900
06/28/21, 24.45, 25.90, 24.45, 25.55, 32200
06/25/21, 24.45, 25.30, 24.25, 25.15, 72500
06/24/21, 25.25, 25.50, 24.25, 25.00, 84600
06/23/21, 25.35, 25.50, 25.25, 25.40, 53000
06/22/21, 25.25, 25.50, 25.25, 25.45, 686200
06/21/21, 25.50, 25.75, 25.05, 25.45, 5100
06/18/21, 25.70, 25.95, 25.50, 25.60, 40400
06/17/21, 26.25, 26.25, 25.70, 25.95, 209000
06/16/21, 26.00, 26.00, 25.50, 25.95, 15000
06/15/21, 26.00, 26.50, 26.00, 26.25, 11600
06/14/21, 26.50, 26.60, 25.50, 26.40, 55900
06/11/21, 26.00, 26.50, 26.00, 26.30, 6400
06/10/21, 26.05, 26.60, 25.50, 26.00, 54482602
06/09/21, 26.40, 26.50, 26.05, 26.25, 10000
06/08/21, 26.70, 26.70, 26.00, 26.00, 445900
06/07/21, 25.65, 26.10, 25.65, 26.10, 157000
06/04/21, 26.50, 26.65, 25.65, 26.10, 65000
06/03/21, 26.75, 26.75, 25.55, 26.50, 9088100
06/02/21, 26.40, 27.85, 26.00, 26.75, 677300
05/31/21, 25.20, 26.50, 25.20, 26.00, 330800
05/28/21, 25.50, 25.50, 25.10, 25.45, 8300
05/27/21, 25.50, 25.50, 25.00, 25.05, 505000
05/26/21, 24.85, 25.50, 24.85, 25.10, 20400
05/25/21, 25.50, 25.50, 24.90, 25.05, 3500
05/24/21, 24.50, 25.25, 24.25, 24.90, 9600
05/21/21, 25.00, 25.00, 24.60, 24.85, 1600
05/20/21, 25.00, 25.00, 24.85, 25.00, 62800
05/19/21, 25.00, 25.00, 24.90, 24.90, 4300
05/18/21, 25.00, 25.00, 24.60, 24.85, 55800
05/17/21, 24.60, 25.00, 24.60, 24.90, 2100
05/13/21, 25.00, 25.00, 24.60, 24.65, 7500
05/12/21, 25.00, 25.00, 24.70, 25.00, 17300
05/11/21, 25.50, 25.50, 24.70, 24.95, 18700
05/10/21, 24.70, 25.00, 24.70, 24.70, 9000
05/07/21, 24.65, 24.70, 24.50, 24.60, 107400
05/06/21, 24.40, 24.60, 24.40, 24.45, 18500
05/05/21, 24.50, 24.50, 24.35, 24.50, 76400
05/04/21, 24.50, 24.50, 24.25, 24.45, 49700
05/03/21, 24.30, 24.85, 24.30, 24.35, 15600
04/30/21, 24.90, 25.45, 24.50, 24.95, 9200
04/29/21, 24.50, 25.00, 24.50, 24.55, 22400
04/28/21, 24.10, 24.85, 24.10, 24.25, 1300
04/27/21, 25.00, 25.00, 24.00, 24.85, 68800
04/26/21, 25.00, 25.50, 24.50, 25.00, 16400
04/23/21, 25.00, 25.00, 24.50, 24.85, 21300
04/22/21, 25.00, 25.00, 24.95, 24.95, 1836100
04/21/21, 26.15, 26.15, 24.50, 24.95, 1462000
04/20/21, 26.55, 26.80, 26.45, 26.70, 876000
04/19/21, 26.80, 26.90, 26.50, 26.60, 147400
04/16/21, 26.45, 27.00, 26.20, 26.80, 422300
04/15/21, 26.40, 26.50, 26.20, 26.45, 90200
04/14/21, 26.00, 26.55, 25.60, 26.50, 640300
04/13/21, 25.25, 26.05, 25.10, 25.50, 170100
04/12/21, 24.50, 25.35, 24.50, 25.25, 438500
04/09/21, 24.50, 25.00, 24.50, 25.00, 53700
04/08/21, 24.00, 25.35, 24.00, 24.60, 13300
04/07/21, 25.00, 25.25, 25.00, 25.25, 772100
04/06/21, 25.15, 25.50, 25.00, 25.05, 82700
04/01/21, 25.75, 25.75, 25.00, 25.35, 67900
03/31/21, 25.50, 25.60, 25.00, 25.15, 76000
03/30/21, 24.50, 26.00, 24.05, 25.10, 810100
03/29/21, 23.00, 26.05, 22.95, 23.85, 128400
03/26/21, 23.00, 23.35, 23.00, 23.10, 9300
03/25/21, 23.00, 23.50, 22.50, 22.95, 70600
03/24/21, 24.50, 24.50, 23.00, 23.45, 99000
03/23/21, 24.80, 24.85, 24.50, 24.75, 26400
03/22/21, 24.85, 24.95, 24.00, 24.65, 20800
03/19/21, 25.25, 25.25, 24.80, 24.95, 32500
03/18/21, 24.80, 25.25, 24.80, 25.05, 27900
03/17/21, 24.40, 24.80, 24.25, 24.45, 12000
03/16/21, 24.50, 24.50, 24.20, 24.20, 14000
03/15/21, 24.60, 25.00, 24.10, 24.25, 38700
03/12/21, 25.00, 25.00, 24.20, 24.85, 9500
03/11/21, 24.10, 24.10, 24.10, 24.10, 400
03/10/21, 24.00, 24.70, 24.00, 24.00, 93300
03/09/21, 24.55, 24.80, 24.00, 24.40, 34200
03/08/21, 25.55, 25.55, 24.70, 24.85, 14600
03/05/21, 26.00, 26.00, 25.90, 25.90, 10200
03/04/21, 26.50, 26.50, 24.00, 24.70, 55900
03/03/21, 26.50, 26.50, 26.50, 26.50, 1000
03/02/21, 24.50, 26.50, 24.10, 25.05, 89200
03/01/21, 24.40, 25.00, 24.10, 24.45, 36500
02/26/21, 24.50, 25.00, 24.45, 24.50, 29700
02/25/21, 24.45, 24.55, 24.10, 24.45, 10100
02/24/21, 24.50, 24.50, 24.40, 24.45, 33100
02/23/21, 23.50, 24.70, 23.50, 23.65, 1500
02/22/21, 24.25, 24.90, 24.00, 24.25, 346800
02/19/21, 24.10, 24.45, 24.00, 24.05, 31400
02/18/21, 24.15, 24.30, 24.00, 24.10, 4400
02/17/21, 24.00, 24.45, 24.00, 24.15, 65300
02/16/21, 24.45, 24.45, 24.00, 24.05, 77800
02/15/21, 24.00, 25.00, 24.00, 24.15, 6300
02/12/21, 24.00, 24.50, 23.20, 24.45, 24300
02/11/21, 24.50, 24.50, 23.00, 24.25, 119100
02/10/21, 25.00, 25.00, 24.30, 24.45, 8600
02/09/21, 24.45, 24.60, 24.30, 24.35, 27100
02/08/21, 24.00, 25.00, 24.00, 24.35, 17400
02/05/21, 24.50, 24.60, 24.50, 24.55, 1200
02/04/21, 24.80, 24.80, 24.00, 24.30, 34200
02/03/21, 25.50, 25.50, 24.90, 25.00, 22200
02/02/21, 25.45, 25.45, 24.75, 24.90, 23200
02/01/21, 24.75, 24.75, 24.75, 24.75, 6400
01/29/21, 24.75, 24.75, 24.75, 24.75, 100
01/28/21, 25.40, 25.40, 24.00, 24.75, 29900
01/27/21, 25.40, 25.40, 24.50, 24.75, 9900
01/26/21, 25.20, 25.40, 25.20, 25.30, 19200
01/25/21, 25.20, 25.65, 25.20, 25.35, 4000
01/22/21, 25.25, 25.65, 25.20, 25.40, 30300
01/21/21, 25.25, 25.70, 25.20, 25.45, 57400
01/20/21, 25.50, 25.55, 25.20, 25.50, 23200
01/19/21, 25.20, 25.60, 25.20, 25.50, 6800
01/18/21, 25.15, 25.80, 25.15, 25.50, 51700
01/15/21, 25.85, 25.85, 25.15, 25.50, 39400
01/14/21, 25.40, 25.85, 25.00, 25.35, 47600
01/13/21, 25.50, 25.95, 25.30, 25.50, 28700
01/12/21, 25.75, 25.95, 25.00, 25.50, 41400
01/11/21, 25.70, 26.00, 25.70, 25.75, 141900
01/08/21, 25.50, 26.00, 25.50, 25.60, 39100
01/07/21, 25.70, 26.00, 25.50, 25.55, 25300
01/06/21, 25.50, 25.70, 25.00, 25.05, 89600
01/05/21, 27.00, 27.00, 25.45, 25.75, 67900
01/04/21, 27.00, 27.00, 26.50, 26.60, 7700
12/31/20, 25.25, 27.00, 25.25, 26.75, 131900
12/30/20, 24.50, 26.00, 24.50, 24.85, 86200
12/29/20, 24.10, 25.00, 24.10, 24.50, 99500
12/28/20, 24.00, 24.50, 24.00, 24.10, 21600
12/24/20, 24.50, 24.50, 24.00, 24.50, 53800
12/23/20, 24.50, 24.50, 23.50, 23.95, 2500
12/22/20, 23.85, 24.30, 23.85, 24.00, 1900
12/21/20, 22.50, 24.00, 22.50, 23.85, 106500
12/18/20, 23.60, 23.60, 23.05, 23.50, 16300
12/17/20, 23.00, 23.60, 22.95, 23.40, 18900
12/16/20, 23.30, 23.30, 23.00, 23.15, 7400
12/15/20, 23.00, 23.50, 23.00, 23.30, 444400
12/14/20, 23.35, 23.35, 23.00, 23.25, 38200
12/11/20, 23.30, 23.30, 23.00, 23.30, 64000
12/10/20, 23.00, 23.30, 22.95, 23.15, 10200
12/09/20, 23.00, 23.20, 22.95, 23.15, 45600
12/08/20, 23.50, 23.50, 23.00, 23.30, 245800
12/07/20, 23.00, 23.40, 23.00, 23.30, 22400
12/04/20, 23.50, 23.50, 22.50, 22.90, 7100
12/03/20, 22.90, 23.00, 22.90, 22.90, 71200
12/02/20, 22.00, 22.00, 22.00, 22.00, 2000
12/01/20, 22.20, 22.20, 21.10, 21.70, 14500
11/30/20, 23.45, 23.45, 22.05, 22.50, 22700
11/27/20, 22.50, 23.45, 22.00, 22.95, 81300
11/26/20, 22.55, 23.50, 22.00, 23.50, 7308800
11/25/20, 22.60, 22.60, 22.60, 22.60, 2600
11/24/20, 22.55, 22.60, 22.20, 22.60, 17700
11/23/20, 22.60, 22.60, 22.50, 22.60, 10500
11/20/20, 22.60, 22.70, 22.60, 22.70, 357500
11/19/20, 22.50, 22.75, 22.50, 22.55, 51500
11/18/20, 22.50, 22.50, 22.20, 22.50, 6100
11/17/20, 22.00, 22.50, 22.00, 22.40, 400
11/16/20, 22.50, 22.50, 21.50, 21.95, 2600
11/13/20, 21.50, 22.50, 21.50, 22.00, 22700
11/12/20, 22.90, 23.00, 22.25, 22.55, 2600
11/11/20, 22.65, 22.65, 22.00, 22.25, 64400
11/10/20, 22.50, 22.50, 22.00, 22.50, 8200
11/09/20, 22.45, 22.45, 21.90, 22.10, 23200
11/06/20, 22.00, 22.05, 21.80, 21.95, 5600
11/05/20, 21.75, 22.00, 21.75, 22.00, 28700
11/04/20, 22.05, 22.05, 21.50, 21.75, 13900
11/03/20, 22.00, 22.00, 21.15, 22.00, 20600
11/02/20, 22.40, 22.50, 20.60, 22.05, 132900
10/30/20, 22.90, 22.90, 22.50, 22.65, 316400
10/29/20, 22.60, 22.60, 22.10, 22.25, 79200
10/28/20, 22.60, 22.65, 22.60, 22.65, 5900
10/27/20, 22.60, 22.80, 22.60, 22.60, 10000
10/26/20, 22.70, 22.80, 22.50, 22.55, 18700
10/23/20, 22.90, 23.00, 22.50, 22.75, 9100
10/22/20, 23.00, 23.00, 22.75, 22.90, 32900
10/21/20, 22.75, 23.00, 22.70, 22.90, 13900
10/19/20, 22.90, 23.00, 22.75, 22.85, 16700
10/16/20, 23.40, 23.40, 22.85, 22.95, 50600
10/15/20, 22.85, 23.40, 22.85, 23.25, 13700
10/14/20, 22.75, 23.50, 22.75, 22.90, 30600
10/13/20, 22.70, 23.00, 22.70, 22.75, 3700
10/12/20, 22.80, 23.00, 22.50, 22.70, 333700
10/09/20, 22.50, 22.80, 22.50, 22.60, 10700
10/08/20, 22.55, 22.65, 22.30, 22.50, 23600
10/07/20, 23.00, 23.00, 22.50, 22.60, 18200
10/06/20, 22.45, 23.00, 22.30, 22.55, 145600
10/05/20, 23.00, 23.00, 22.00, 22.55, 20800
10/02/20, 23.30, 23.30, 22.00, 22.65, 89400
10/01/20, 22.90, 23.40, 22.80, 23.05, 7300
09/30/20, 22.80, 23.00, 22.80, 23.00, 172700
09/29/20, 22.80, 23.40, 22.75, 22.90, 23700
09/28/20, 23.20, 23.20, 22.75, 22.80, 59200
09/25/20, 23.40, 23.40, 22.85, 23.05, 165800
09/24/20, 23.15, 23.40, 23.00, 23.05, 30800
09/23/20, 23.20, 23.20, 22.80, 23.00, 30300
09/22/20, 23.50, 23.50, 22.80, 22.85, 171200
09/21/20, 23.30, 23.50, 23.00, 23.15, 22400
09/18/20, 21.60, 23.30, 21.50, 22.20, 342400
09/17/20, 22.60, 22.60, 21.50, 21.80, 146100
09/16/20, 22.60, 22.65, 22.00, 22.15, 109500
09/15/20, 22.95, 23.00, 22.50, 22.60, 146900
09/14/20, 22.40, 23.30, 22.00, 22.50, 85200
09/11/20, 23.00, 23.00, 22.50, 22.55, 327700
09/10/20, 22.50, 22.60, 22.50, 22.55, 5600
09/09/20, 23.00, 23.00, 22.00, 22.55, 67000
09/08/20, 23.00, 23.00, 22.95, 23.00, 23000
09/07/20, 23.30, 23.30, 22.80, 23.00, 34500
09/04/20, 23.30, 23.30, 23.15, 23.20, 57100
09/03/20, 23.50, 24.00, 23.10, 23.30, 258500
09/02/20, 24.00, 24.00, 23.30, 23.40, 196700
09/01/20, 23.10, 24.00, 23.10, 23.50, 212100
08/31/20, 23.45, 23.50, 23.10, 23.45, 44000
08/28/20, 23.50, 23.50, 23.00, 23.45, 364800
08/27/20, 23.00, 24.00, 22.90, 23.40, 160200
08/26/20, 23.00, 23.00, 22.55, 23.00, 387200
08/25/20, 21.80, 23.00, 21.80, 22.00, 1534300
08/24/20, 21.50, 22.00, 21.50, 21.90, 297500
08/21/20, 21.95, 21.95, 20.00, 20.20, 3534100
08/20/20, 22.00, 22.00, 21.80, 22.00, 54600
08/19/20, 22.00, 22.00, 21.50, 22.00, 15300
08/18/20, 22.00, 22.00, 21.10, 22.00, 114200
08/17/20, 22.50, 22.95, 22.00, 22.05, 412500
08/14/20, 22.75, 22.95, 22.60, 22.80, 61700
08/13/20, 23.35, 23.35, 23.00, 23.15, 35100
08/12/20, 23.50, 24.00, 23.30, 23.45, 5200
08/11/20, 24.75, 24.75, 23.10, 23.25, 11300
08/10/20, 23.15, 23.50, 23.15, 23.30, 17400
08/07/20, 23.00, 23.50, 23.00, 23.20, 160400
08/06/20, 23.00, 24.50, 23.00, 23.65, 45800
08/05/20, 23.70, 23.80, 23.50, 23.50, 69400
08/04/20, 24.00, 24.00, 23.50, 23.70, 11800
08/03/20, 24.10, 24.10, 23.90, 23.95, 36700
07/30/20, 25.00, 25.20, 23.90, 24.15, 118800
07/29/20, 25.10, 25.40, 25.00, 25.00, 113800
07/28/20, 25.50, 26.00, 25.20, 25.45, 22200
07/27/20, 26.95, 26.95, 25.50, 25.60, 2200
07/24/20, 25.00, 26.20, 25.00, 25.50, 56000
07/23/20, 25.90, 26.00, 25.00, 25.15, 139000
07/22/20, 26.25, 26.25, 25.50, 25.55, 15900
07/21/20, 26.10, 26.30, 25.00, 25.70, 9500
07/20/20, 25.85, 26.40, 25.85, 26.10, 7800
07/17/20, 25.85, 25.85, 25.00, 25.20, 68200
07/16/20, 26.50, 26.50, 25.60, 25.85, 67700
07/15/20, 26.05, 26.40, 25.70, 25.95, 66700
07/14/20, 26.20, 26.40, 26.00, 26.05, 14700
07/13/20, 26.55, 26.55, 26.40, 26.45, 17100
07/10/20, 26.50, 26.50, 26.40, 26.40, 23000
07/09/20, 26.50, 26.50, 26.30, 26.50, 294900
07/08/20, 26.50, 26.50, 26.35, 26.50, 84100
07/07/20, 26.30, 26.50, 26.30, 26.45, 8200
07/06/20, 28.00, 28.00, 26.30, 26.45, 13300
07/03/20, 26.55, 26.55, 26.50, 26.50, 58400
07/02/20, 27.00, 28.00, 26.40, 26.50, 235000
07/01/20, 26.90, 27.00, 26.55, 26.55, 442700
06/30/20, 26.80, 27.50, 26.50, 26.55, 120100
06/29/20, 28.50, 28.50, 26.55, 26.90, 16900
06/26/20, 27.00, 27.50, 27.00, 27.05, 25700
06/25/20, 27.00, 28.00, 26.60, 27.25, 25400
06/24/20, 27.85, 28.50, 27.85, 27.90, 215200
06/23/20, 27.00, 27.90, 26.60, 27.85, 516000
06/22/20, 27.00, 27.50, 27.00, 27.00, 24800
06/19/20, 27.50, 27.50, 27.40, 27.50, 5100
06/18/20, 28.50, 28.50, 27.25, 27.50, 14100
06/17/20, 28.00, 28.40, 27.50, 28.00, 71500
06/16/20, 27.50, 28.00, 27.50, 27.50, 84000
06/15/20, 27.00, 27.20, 27.00, 27.00, 236600
06/12/20, 27.05, 27.95, 27.05, 27.05, 104500
06/11/20, 27.50, 27.50, 27.00, 27.05, 1700
06/10/20, 28.50, 28.50, 26.50, 26.80, 103600
06/09/20, 28.00, 28.50, 27.05, 27.35, 6000
06/08/20, 28.00, 28.00, 27.80, 27.95, 1400
06/05/20, 28.00, 28.00, 27.00, 27.80, 20700
06/04/20, 28.00, 28.45, 26.75, 27.05, 113600
06/03/20, 28.00, 28.00, 26.50, 26.65, 23400
06/02/20, 27.00, 28.85, 26.50, 26.90, 268900
05/29/20, 27.00, 27.55, 26.95, 27.00, 724200
05/28/20, 26.75, 27.50, 26.55, 27.00, 546100
05/27/20, 27.00, 27.00, 26.50, 26.50, 93100
05/26/20, 27.70, 27.70, 27.00, 27.05, 90200
05/22/20, 27.00, 28.00, 27.00, 27.15, 15000
05/21/20, 27.50, 27.50, 27.50, 27.50, 509600
05/20/20, 27.50, 28.00, 27.50, 27.55, 23000
05/19/20, 27.10, 28.30, 27.00, 27.10, 125900
05/18/20, 27.00, 27.20, 26.10, 26.55, 119100
05/15/20, 28.30, 28.30, 26.05, 27.20, 11600
05/14/20, 28.80, 28.80, 27.00, 28.30, 1059600
05/13/20, 29.50, 29.50, 28.00, 28.80, 89500
05/12/20, 29.77, 29.91, 29.09, 29.32, 156969.995353688
05/11/20, 29.77, 29.77, 29.09, 29.73, 167199.99505088
05/08/20, 29.55, 29.95, 27.27, 28.82, 205479.993917792
05/07/20, 31.36, 31.36, 28.91, 29.77, 16059.999524624
05/06/20, 31.82, 31.82, 29.14, 29.77, 627769.981418009
05/05/20, 28.45, 30.91, 28.18, 29.73, 53679.998411072
05/04/20, 28.18, 28.50, 26.36, 28.14, 115169.996590968
04/30/20, 26.27, 26.27, 25.45, 25.91, 102849.99695564
04/29/20, 25.45, 25.68, 25.41, 25.45, 88109.9973919441
04/28/20, 25.91, 25.91, 24.55, 25.36, 137279.995936512
04/27/20, 23.64, 25.91, 23.64, 25.55, 102409.996968664
04/24/20, 26.27, 26.32, 25.45, 26.14, 161809.995210424
04/23/20, 26.14, 26.36, 26.14, 26.14, 1362129.95968095
04/22/20, 26.14, 26.36, 25.45, 26.14, 480919.985764768
04/21/20, 26.27, 26.82, 26.00, 26.41, 8579.99974603201
04/20/20, 25.91, 25.91, 25.91, 25.91, 8029.99976231201
04/17/20, 25.45, 25.91, 25.45, 25.59, 15509.999540904
04/16/20, 25.45, 25.91, 25.45, 25.45, 63029.998134312
04/15/20, 25.45, 25.45, 24.55, 25.36, 68199.9979812801
04/14/20, 25.45, 25.45, 24.77, 25.09, 27829.999176232
04/09/20, 25.45, 25.45, 25.32, 25.41, 9789.99971021601
04/08/20, 25.36, 25.45, 25.27, 25.41, 34099.99899064
04/07/20, 25.45, 25.45, 24.73, 25.41, 26619.999212048
04/06/20, 25.45, 25.45, 25.09, 25.36, 30139.999107856
04/03/20, 25.91, 25.91, 25.45, 25.73, 34649.99897436
04/02/20, 25.91, 25.91, 25.68, 25.91, 182159.994608064
04/01/20, 25.91, 25.91, 25.68, 25.77, 44879.998671552
03/31/20, 26.36, 26.36, 25.50, 25.82, 8469.99974928801
03/30/20, 25.82, 25.82, 24.55, 25.50, 26729.999208792
03/27/20, 23.64, 25.91, 23.64, 24.00, 16829.999501832
03/26/20, 22.73, 24.55, 22.73, 23.64, 31129.999078552
03/25/20, 23.91, 23.91, 22.73, 22.91, 119239.996470496
03/24/20, 23.18, 24.27, 22.64, 22.82, 78869.9976654481
03/23/20, 25.50, 25.64, 23.14, 25.14, 320869.990502248
03/20/20, 25.45, 25.91, 25.45, 25.68, 65009.998075704
03/19/20, 25.91, 25.91, 25.45, 25.45, 140029.995855112
03/18/20, 25.45, 26.14, 25.45, 25.50, 33549.99900692
03/17/20, 26.36, 26.36, 25.27, 25.59, 178199.99472528
03/16/20, 27.09, 27.09, 25.00, 26.27, 122759.996366304
03/13/20, 27.23, 28.82, 26.36, 27.23, 94709.9971965841
03/12/20, 29.27, 30.00, 28.82, 29.27, 466069.986204328
03/11/20, 30.14, 30.91, 29.73, 30.14, 15619.999537648
03/10/20, 30.05, 30.91, 30.00, 30.05, 21779.999355312
03/09/20, 30.73, 31.14, 30.00, 30.73, 81619.9975840481
03/06/20, 31.14, 31.82, 30.91, 31.14, 23539.999303216
03/05/20, 31.68, 31.82, 30.45, 31.68, 21559.999361824
03/04/20, 29.73, 30.05, 29.64, 29.73, 1759.999947904
03/03/20, 29.68, 30.91, 29.18, 29.68, 137279.995936512
03/02/20, 28.82, 30.09, 28.64, 28.82, 248819.992634928
02/28/20, 30.09, 31.77, 28.64, 30.09, 31459.999068784
02/27/20, 31.82, 31.82, 30.91, 31.82, 706529.979086713
02/26/20, 31.91, 32.27, 30.91, 31.91, 40039.998814816
02/25/20, 32.41, 32.55, 32.27, 32.41, 173249.9948718
02/24/20, 32.55, 32.59, 32.41, 32.55, 25849.99923484
02/21/20, 32.55, 32.73, 32.27, 32.55, 41579.998769232
02/20/20, 32.55, 32.55, 32.50, 32.55, 127379.996229552
02/19/20, 32.59, 32.73, 32.55, 32.59, 23869.999293448
02/18/20, 32.73, 32.77, 32.55, 32.73, 97129.9971249521
02/17/20, 32.55, 32.73, 32.50, 32.55, 100649.99702076
02/14/20, 32.59, 33.09, 32.50, 32.59, 69189.997951976
02/13/20, 32.73, 32.73, 32.45, 32.73, 100649.99702076
02/12/20, 32.77, 32.91, 32.73, 32.77, 25299.99925112
02/10/20, 32.77, 33.09, 32.73, 32.77, 61379.9981831521
02/07/20, 33.09, 33.18, 33.00, 33.09, 184799.99452992
02/06/20, 33.09, 33.18, 33.00, 33.09, 486419.985601968
02/05/20, 32.82, 33.00, 32.73, 32.82, 15399.99954416
02/04/20, 32.77, 32.91, 32.32, 32.77, 172589.994891336
02/03/20, 32.91, 33.00, 32.91, 32.91, 23319.999309728
01/31/20, 32.82, 33.00, 32.73, 32.82, 34319.998984128
01/30/20, 32.86, 33.18, 32.73, 32.86, 21889.999352056
01/29/20, 33.00, 33.00, 32.91, 33.00, 46199.99863248
01/28/20, 33.00, 33.18, 32.77, 33.00, 71389.9978868561
01/27/20, 33.00, 33.18, 32.95, 33.00, 222309.993419624
01/24/20, 33.18, 33.18, 33.09, 33.18, 100759.997017504
01/23/20, 33.09, 33.18, 32.95, 33.09, 326479.990336192
01/22/20, 33.09, 33.18, 32.95, 33.09, 40479.998801792
01/21/20, 33.18, 33.27, 33.00, 33.18, 1508539.95534722
01/20/20, 33.14, 33.27, 32.91, 33.14, 127819.996216528
01/17/20, 32.95, 33.41, 32.73, 32.95, 79969.9976328881
01/16/20, 33.18, 33.59, 33.18, 33.18, 321199.99049248
01/15/20, 33.36, 33.59, 33.18, 33.36, 102959.996952384
01/14/20, 33.18, 33.64, 33.00, 33.18, 1571459.95348479
01/13/20, 33.00, 33.18, 32.95, 33.00, 497859.985263344
01/10/20, 33.18, 33.36, 32.73, 33.18, 1525699.95483928
01/09/20, 32.95, 33.64, 32.73, 32.95, 2147529.93643311
01/08/20, 32.95, 33.41, 32.73, 32.95, 129909.996154664
01/07/20, 33.23, 33.64, 32.27, 33.23, 215709.993614984
01/06/20, 33.91, 34.41, 33.27, 33.91, 63469.998121288